{
    "rmse": 1.2134648217203896,
    "mae": 1.044727959636136,
    "r2": 0.7246751681085289
}