{
    "rmse": 1.2034582604857726,
    "mae": 1.0310383842161774,
    "r2": 0.7201711883180043
}