{
    "rmse": 1.1890068325941743,
    "mae": 1.026646826956988,
    "r2": 0.7365478037199626
}